{
    "0": [
        [
            28,
            25,
            23,
            24
        ],
        [
            868.7022594771729,
            816.0899937469111,
            143.55366415230617,
            577.4292319073255
        ]
    ],
    "1": [
        [
            32,
            5
        ],
        [
            1229.0677494844724,
            480.72628250790166
        ]
    ],
    "2": [
        [
            7,
            4,
            14,
            18
        ],
        [
            463.0325919841186,
            128.72778299577416,
            998.6943900243489,
            1838.3051601965599
        ]
    ],
    "3": [
        [
            5,
            10,
            32
        ],
        [
            1218.1313286370969,
            365.75524474755036,
            466.7571124526831
        ]
    ],
    "4": [
        [
            5,
            2,
            14,
            18
        ],
        [
            418.96391471866946,
            128.72778299577416,
            928.5358603831454,
            1747.7624832518932
        ]
    ],
    "5": [
        [
            4,
            3,
            1,
            8
        ],
        [
            418.96391471866946,
            1218.1313286370969,
            480.72628250790166,
            348.81458496327645
        ]
    ],
    "6": [
        [
            20
        ],
        [
            2103.560720406663
        ]
    ],
    "7": [
        [
            8,
            2,
            13
        ],
        [
            476.0306984992585,
            463.0325919841186,
            395.2660169392341
        ]
    ],
    "8": [
        [
            7,
            9,
            5
        ],
        [
            476.0306984992585,
            575.0379449230268,
            348.81458496327645
        ]
    ],
    "9": [
        [
            8,
            10,
            12
        ],
        [
            575.0379449230268,
            607.402725028468,
            283.41877214346243
        ]
    ],
    "10": [
        [
            11,
            3,
            9
        ],
        [
            562.5811512526247,
            365.75524474755036,
            607.402725028468
        ]
    ],
    "11": [
        [
            10,
            16,
            12
        ],
        [
            562.5811512526247,
            754.8838848480968,
            117.18990239243384
        ]
    ],
    "12": [
        [
            13,
            9,
            11
        ],
        [
            1060.5994661910063,
            283.41877214346243,
            117.18990239243384
        ]
    ],
    "13": [
        [
            12,
            7,
            15
        ],
        [
            1060.5994661910063,
            395.2660169392341,
            601.2407055644212
        ]
    ],
    "14": [
        [
            17,
            2,
            4,
            18
        ],
        [
            784.1282517301855,
            998.6943900243489,
            928.5358603831454,
            871.9568033016313
        ]
    ],
    "15": [
        [
            16,
            13,
            31
        ],
        [
            1035.2489871482896,
            601.2407055644212,
            411.88763547040185
        ]
    ],
    "16": [
        [
            11,
            15,
            19
        ],
        [
            754.8838848480968,
            1035.2489871482896,
            405.18129120581716
        ]
    ],
    "17": [
        [
            20,
            14,
            18
        ],
        [
            912.8402411397454,
            784.1282517301855,
            270.57465745649904
        ]
    ],
    "18": [
        [
            21,
            17,
            31,
            2,
            4,
            14
        ],
        [
            917.8722397883116,
            270.57465745649904,
            527.615313026281,
            1838.3051601965599,
            1747.7624832518932,
            871.9568033016313
        ]
    ],
    "19": [
        [
            25,
            31,
            16
        ],
        [
            1079.3374922887085,
            966.4029941883289,
            405.18129120581716
        ]
    ],
    "20": [
        [
            17,
            6,
            21
        ],
        [
            912.8402411397454,
            2103.560720406663,
            235.28050756412185
        ]
    ],
    "21": [
        [
            26,
            20,
            18
        ],
        [
            1426.5892943408344,
            235.28050756412185,
            917.8722397883116
        ]
    ],
    "22": [
        [
            23
        ],
        [
            1059.306681561415
        ]
    ],
    "23": [
        [
            22,
            31,
            0
        ],
        [
            1059.306681561415,
            926.3624335429779,
            143.55366415230617
        ]
    ],
    "24": [
        [
            0
        ],
        [
            577.4292319073255
        ]
    ],
    "25": [
        [
            0,
            19,
            27
        ],
        [
            816.0899937469111,
            1079.3374922887085,
            809.0097158265733
        ]
    ],
    "26": [
        [
            21
        ],
        [
            1426.5892943408344
        ]
    ],
    "27": [
        [
            28,
            29,
            25
        ],
        [
            761.8862269517645,
            755.749385058168,
            809.0097158265733
        ]
    ],
    "28": [
        [
            0,
            27,
            30
        ],
        [
            868.7022594771729,
            761.8862269517645,
            777.0333952325129
        ]
    ],
    "29": [
        [
            27
        ],
        [
            755.749385058168
        ]
    ],
    "30": [
        [
            28
        ],
        [
            777.0333952325129
        ]
    ],
    "31": [
        [
            18,
            19,
            15,
            23
        ],
        [
            527.615313026281,
            966.4029941883289,
            411.88763547040185,
            926.3624335429779
        ]
    ],
    "32": [
        [
            1,
            3
        ],
        [
            1229.0677494844724,
            466.7571124526831
        ]
    ]
}